Gset,number of edges,edge value,edge type,best-known value,mean_cut_value,max_cut_value,min_cut_value,std_cut,n_rnd,I0_min,I0_max,ratio of mean/best,ratio of max/best,1 annealing_time [ms],Total time [s],mean_range,stall_prop,l_scale,d_scale,n_scale
G1,800,unipolar,random,11624,9680.0,9749,9611,97.58073580374356,4.656917354244709,27.048052,43.32672,83.27598072952512,83.86958017894013,17.640463829040527,1.177309274673462,4,0.5,0.1,0.1,0.1
G1,800,unipolar,random,11624,9540.0,9628,9452,124.45079348883236,4.656917354244709,27.048052,43.32672,82.07157604955265,82.82863041982105,16.019536018371582,0.6466574668884277,4,0.5,0.1,0.1,0.1
