Gset,number of edges,edge value,edge type,best-known value,mean_cut_value,max_cut_value,min_cut_value,std_cut,n_rnd,I0_min,I0_max,ratio of mean/best,ratio of max/best,1 annealing_time [ms],Total time [s],mean_range,stall_prop,l_scale,d_scale,n_scale
G1,800,unipolar,random,11624,11362.68,11442,11278,37.47319041661652,4.656917354244709,0.01448361,1.448361,97.75189263592567,98.43427391603579,50.2689714050293,5.501728773117065,4,0.5,0.5,0.5,0.5
G1,800,unipolar,random,11624,11377.68,11484,11292,38.214937055311424,4.656917354244709,0.01448361,1.448361,97.88093599449415,98.79559532002753,55.3568571472168,6.1828835010528564,4,0.5,0.5,0.0,2.0
G1,800,unipolar,random,11624,11487.7,11557,11413,26.489754070339547,4.656917354244709,0.01448361,1.448361,98.82742601514109,99.42360633172746,65.24940467834473,7.04147744178772,4,0.5,0.0,0.0,2.0
